{"epoch":25,"avg_epoch_loss":3.796068417862599,"_timestamp":1.7417408492860506e+09,"final_loss":3.796068417862599,"_wandb":{"runtime":249},"_runtime":249.52013591,"_step":25}