{"avg_epoch_loss":4.134350030351097,"_timestamp":1.7417504163644426e+09,"_runtime":117.147568597,"_step":10,"final_loss":4.134350030351097,"_wandb":{"runtime":117},"epoch":10}