{"_step":5,"epoch":5,"avg_epoch_loss":1.749865092339623,"_timestamp":1.7417358391526349e+09,"_runtime":209.799831638,"final_loss":1.749865092339623,"_wandb":{"runtime":209}}