{"final_loss":4.226940986927058,"_wandb":{"runtime":63},"avg_epoch_loss":4.226940986927058,"_timestamp":1.7417358911816683e+09,"_runtime":63.381818011,"_step":5,"epoch":5}