{"_step":50,"epoch":50,"avg_epoch_loss":1.728054990562952,"_timestamp":1.7417534335867798e+09,"_runtime":2065.396231362,"final_loss":1.728054990562952,"_wandb":{"runtime":2065}}