{"_runtime":125.997121338,"final_loss":4.365687231399059,"_wandb":{"runtime":126},"_step":10,"epoch":10,"avg_epoch_loss":4.365687231399059,"_timestamp":1.7417511773463662e+09}