{"avg_epoch_loss":3.9968270638994796,"final_loss":3.9968270638994796,"_wandb":{"runtime":159},"_timestamp":1.7417515022179666e+09,"_runtime":159.439422555,"_step":10,"epoch":10}