{"_runtime":218.030890941,"_step":5,"final_loss":1.5145023520684968,"_wandb":{"runtime":218},"epoch":5,"avg_epoch_loss":1.5145023520684968,"_timestamp":1.741762891334031e+09}