{"_step":5,"epoch":5,"final_loss":1.6728982772832126,"_wandb":{"runtime":337},"avg_epoch_loss":1.6728982772832126,"_timestamp":1.7417306643701384e+09,"_runtime":337.811821787}