{"avg_epoch_loss":4.120599648695298,"final_loss":4.120599648695298,"_wandb":{"runtime":242},"_timestamp":1.7417405876031675e+09,"_runtime":242.063173743,"_step":25,"epoch":25}