{"avg_epoch_loss":2.3615938441568036,"_timestamp":1.7417472976567175e+09,"_runtime":404.500907689,"_step":10,"final_loss":2.3615938441568036,"_wandb":{"runtime":404},"epoch":10}