{"avg_epoch_loss":1.7670208699294085,"_timestamp":1.741769801115331e+09,"_runtime":5822.069139406,"_step":250,"final_loss":1.7670208699294085,"_wandb":{"runtime":5822},"epoch":250}