{"_timestamp":1.7417596807112525e+09,"_runtime":2081.872878767,"_step":50,"epoch":50,"final_loss":1.4559676228870353,"_wandb":{"runtime":2081},"avg_epoch_loss":1.4559676228870353}