{"_step":25,"final_loss":4.163670434748315,"_wandb":{"runtime":256},"epoch":25,"avg_epoch_loss":4.163670434748315,"_timestamp":1.7417421096200213e+09,"_runtime":256.207220102}