{"_wandb":{"runtime":214},"epoch":4,"avg_epoch_loss":5.52461259577718,"_timestamp":1.7417283968585243e+09,"_runtime":214.995374717,"_step":5,"final_loss":5.52461259577718}