{"final_loss":4.306322751782733,"_wandb":{"runtime":161},"epoch":10,"avg_epoch_loss":4.306322751782733,"_timestamp":1.7417399287789989e+09,"_runtime":161.255428832,"_step":10}