{"_step":50,"final_loss":2.4373200086725726,"_wandb":{"runtime":503},"epoch":50,"avg_epoch_loss":2.4373200086725726,"_timestamp":1.7417673066601243e+09,"_runtime":503.695642573}