{"avg_epoch_loss":2.3274555174080103,"_timestamp":1.7417560136046717e+09,"_runtime":500.916369057,"_step":50,"final_loss":2.3274555174080103,"_wandb":{"runtime":500},"epoch":50}