{"_step":5,"epoch":5,"avg_epoch_loss":5.006304912615694,"final_loss":5.006304912615694,"_wandb":{"runtime":79},"_timestamp":1.741748682975569e+09,"_runtime":79.403245037}