{"_timestamp":1.7417478181560104e+09,"_runtime":56.338849068,"_step":5,"final_loss":4.33396318384903,"_wandb":{"runtime":56},"epoch":5,"avg_epoch_loss":4.33396318384903}