{"_runtime":407.87220035,"final_loss":1.9373533726598373,"_wandb":{"runtime":407},"_step":10,"epoch":10,"avg_epoch_loss":1.9373533726598373,"_timestamp":1.7417477176843548e+09}