{"_wandb":{"runtime":244},"avg_epoch_loss":4.127871132880803,"_timestamp":1.741752999436208e+09,"_runtime":244.15061673,"_step":25,"epoch":25,"final_loss":4.127871132880803}