{"final_loss":1.8739029547046648,"_wandb":{"runtime":400},"epoch":10,"avg_epoch_loss":1.8739029547046648,"_timestamp":1.741743188024756e+09,"_runtime":400.471495782,"_step":10}