{"final_loss":2.357407804880593,"_wandb":{"runtime":498},"_runtime":498.077699046,"_step":50,"epoch":50,"avg_epoch_loss":2.357407804880593,"_timestamp":1.7417539890724194e+09}