{"_runtime":105.022064574,"_step":10,"final_loss":4.860431268004093,"_wandb":{"runtime":105},"epoch":10,"avg_epoch_loss":4.860431268004093,"_timestamp":1.7417376696934497e+09}