{"_runtime":5899.892461781,"_step":250,"final_loss":1.6870232731352814,"_wandb":{"runtime":5899},"epoch":250,"avg_epoch_loss":1.6870232731352814,"_timestamp":1.7417639758091965e+09}