{"avg_epoch_loss":1.4531747718443704,"_timestamp":1.7417617806943326e+09,"_runtime":2087.74485851,"_step":50,"final_loss":1.4531747718443704,"_wandb":{"runtime":2087},"epoch":50}