{"final_loss":2.3789501380054165,"_wandb":{"runtime":609},"epoch":50,"avg_epoch_loss":2.3789501380054165,"_timestamp":1.7417709251300936e+09,"_runtime":609.583050887,"_step":50}