{"_timestamp":1.7417497355812137e+09,"_runtime":108.626712779,"final_loss":3.9182269633647304,"_wandb":{"runtime":108},"_step":10,"epoch":10,"avg_epoch_loss":3.9182269633647304}