{"_step":25,"final_loss":3.443147212234507,"_wandb":{"runtime":287},"epoch":25,"avg_epoch_loss":3.443147212234507,"_timestamp":1.7417429589126859e+09,"_runtime":287.56162762}