{"epoch":25,"avg_epoch_loss":2.360457638056976,"_timestamp":1.741754656874438e+09,"_runtime":975.743540745,"final_loss":2.360457638056976,"_wandb":{"runtime":975},"_step":25}