{"_runtime":107.118967523,"_step":10,"final_loss":4.991711449992792,"_wandb":{"runtime":107},"epoch":10,"avg_epoch_loss":4.991711449992792,"_timestamp":1.7417314030495315e+09}