{"final_loss":1.6265562780444696,"_wandb":{"runtime":5941},"epoch":250,"avg_epoch_loss":1.6265562780444696,"_timestamp":1.7417780529483526e+09,"_runtime":5941.076676651,"_step":250}