{"final_loss":1.961508808445073,"_wandb":{"runtime":414},"_timestamp":1.7417493876864662e+09,"_runtime":414.042566656,"_step":10,"epoch":10,"avg_epoch_loss":1.961508808445073}