{"_wandb":{"runtime":299},"_runtime":299.555176991,"_step":25,"epoch":25,"avg_epoch_loss":2.926620992799073,"_timestamp":1.741764412094067e+09,"final_loss":2.926620992799073}