{"avg_epoch_loss":1.6226726745059132,"_timestamp":1.7417481279846466e+09,"_runtime":407.137945802,"_step":10,"final_loss":1.6226726745059132,"_wandb":{"runtime":407},"epoch":10}