{"final_loss":5.023727947314883,"_wandb":{"runtime":62},"_step":5,"epoch":5,"avg_epoch_loss":5.023727947314883,"_timestamp":1.7417299128475041e+09,"_runtime":62.711056487}