{"final_loss":3.284742705269005,"_wandb":{"runtime":299},"epoch":25,"avg_epoch_loss":3.284742705269005,"_timestamp":1.741743264220095e+09,"_runtime":299.165828255,"_step":25}