{"_timestamp":1.7417452315027356e+09,"_runtime":409.749858107,"_step":10,"final_loss":1.5535523470191146,"_wandb":{"runtime":409},"epoch":10,"avg_epoch_loss":1.5535523470191146}