{"final_loss":2.9263258882471033,"_wandb":{"runtime":380},"_timestamp":1.7417597642026367e+09,"_runtime":380.093970734,"_step":50,"epoch":50,"avg_epoch_loss":2.9263258882471033}