{"_runtime":2692.494045833,"_step":250,"final_loss":4.622593681771465,"_wandb":{"runtime":2692},"epoch":250,"avg_epoch_loss":4.622593681771465,"_timestamp":1.7417601150763888e+09}