{"_wandb":{"runtime":58},"epoch":5,"avg_epoch_loss":4.496830670762474,"_timestamp":1.741735825689082e+09,"_runtime":58.569035314,"_step":5,"final_loss":4.496830670762474}