{"_wandb":{"runtime":215},"_timestamp":1.7417695663856175e+09,"_runtime":215.602572656,"_step":5,"epoch":5,"avg_epoch_loss":1.5156361863698105,"final_loss":1.5156361863698105}