{"epoch":50,"avg_epoch_loss":2.352341772233312,"_timestamp":1.7417578931366403e+09,"_runtime":500.268755647,"_step":50,"final_loss":2.352341772233312,"_wandb":{"runtime":500}}