{"avg_epoch_loss":4.053426354708025,"final_loss":4.053426354708025,"_wandb":{"runtime":167},"_timestamp":1.7417401017993593e+09,"_runtime":167.88341648,"_step":10,"epoch":10}