{"avg_epoch_loss":5.475847873056522,"final_loss":5.475847873056522,"_wandb":{"runtime":57},"_timestamp":1.7417360231279309e+09,"_runtime":57.590320126,"_step":5,"epoch":5}