{"_runtime":311.117497087,"_step":25,"epoch":25,"avg_epoch_loss":2.79119103409139,"_timestamp":1.7417600822013226e+09,"final_loss":2.79119103409139,"_wandb":{"runtime":311}}