{"final_loss":2.362892027255099,"_wandb":{"runtime":395},"epoch":10,"avg_epoch_loss":2.362892027255099,"_timestamp":1.741742376489277e+09,"_runtime":395.639089382,"_step":10}