{"epoch":2,"_wandb":{"runtime":91},"avg_epoch_loss":1.985608022667899,"_timestamp":1.7417351785617502e+09,"_runtime":88.668517654,"_step":1}