{"_wandb":{"runtime":227},"epoch":4,"avg_epoch_loss":5.198758170587078,"_timestamp":1.74172885030498e+09,"_runtime":227.217138307,"_step":5,"final_loss":5.198758170587078}