{"_timestamp":1.741736891968121e+09,"_runtime":206.41464804700001,"_step":5,"final_loss":1.9198349810343611,"_wandb":{"runtime":206},"epoch":5,"avg_epoch_loss":1.9198349810343611}