{"_timestamp":1.7417392704194655e+09,"_runtime":164.701056933,"_step":10,"final_loss":3.5715287016453057,"_wandb":{"runtime":164},"epoch":10,"avg_epoch_loss":3.5715287016453057}