{"_step":50,"epoch":50,"avg_epoch_loss":1.4727139748001035,"final_loss":1.4727139748001035,"_wandb":{"runtime":2085},"_timestamp":1.7417555250132976e+09,"_runtime":2085.207959612}