{"_step":5,"final_loss":4.116745036297164,"_wandb":{"runtime":98},"epoch":5,"avg_epoch_loss":4.116745036297164,"_timestamp":1.7417307812414575e+09,"_runtime":98.770170114}