{"final_loss":2.018979250261201,"_wandb":{"runtime":402},"_runtime":402.697503591,"_step":10,"epoch":10,"avg_epoch_loss":2.018979250261201,"_timestamp":1.741742784412667e+09}