{"_wandb":{"runtime":2264},"epoch":250,"avg_epoch_loss":3.0400668877657218,"_timestamp":1.7417645890220926e+09,"_runtime":2264.567342059,"_step":250,"final_loss":3.0400668877657218}