{"final_loss":2.7130652892688087,"_wandb":{"runtime":593},"epoch":50,"avg_epoch_loss":2.7130652892688087,"_timestamp":1.7417662869663851e+09,"_runtime":593.89008602,"_step":50}