{"epoch":10,"avg_epoch_loss":4.001064085134434,"_timestamp":1.741752513581775e+09,"final_loss":4.001064085134434,"_wandb":{"runtime":169},"_runtime":169.47726952,"_step":10}