{"_timestamp":1.741735199122439e+09,"_runtime":52.000810489,"_step":4,"_wandb":{"runtime":52},"epoch":5,"avg_epoch_loss":5.607355495096218}