{"_step":10,"epoch":10,"avg_epoch_loss":3.4131103696126095,"_timestamp":1.741739442660856e+09,"final_loss":3.4131103696126095,"_wandb":{"runtime":169},"_runtime":169.111452375}