{"_wandb":{"runtime":243},"_runtime":243.016167524,"_step":5,"epoch":4,"avg_epoch_loss":6.055434536203596,"_timestamp":1.741727961632624e+09,"final_loss":6.055434536203596}