{"epoch":5,"avg_epoch_loss":4.122384849050031,"_timestamp":1.7417364804168122e+09,"_runtime":85.833632977,"final_loss":4.122384849050031,"_wandb":{"runtime":85},"_step":5}