{"final_loss":6.137074910283179,"_wandb":{"runtime":253},"avg_epoch_loss":6.137074910283179,"_timestamp":1.7417291089821165e+09,"_runtime":253.475094606,"_step":5,"epoch":4}