{"epoch":50,"avg_epoch_loss":2.3386477937770858,"_timestamp":1.7417529855176682e+09,"_runtime":500.968609422,"_step":50,"final_loss":2.3386477937770858,"_wandb":{"runtime":501}}