{"epoch":5,"avg_epoch_loss":4.412734011840222,"_timestamp":1.7417487674885468e+09,"final_loss":4.412734011840222,"_wandb":{"runtime":82},"_runtime":82.327468395,"_step":5}