{"_timestamp":1.7417524803139358e+09,"_runtime":503.33396691,"_step":50,"final_loss":2.4315061740375854,"_wandb":{"runtime":503},"epoch":50,"avg_epoch_loss":2.4315061740375854}