{"final_loss":1.9767310072539364,"_wandb":{"runtime":203},"_runtime":203.982158583,"_step":5,"epoch":5,"avg_epoch_loss":1.9767310072539364,"_timestamp":1.7417366814087293e+09}