{"final_loss":2.3306309854662097,"_wandb":{"runtime":499},"epoch":50,"avg_epoch_loss":2.3306309854662097,"_timestamp":1.7417636000678551e+09,"_runtime":499.389031536,"_step":50}