{"_runtime":63.524966514,"_step":5,"final_loss":4.971459406729701,"_wandb":{"runtime":63},"epoch":5,"avg_epoch_loss":4.971459406729701,"_timestamp":1.7417485286606712e+09}