{"_timestamp":1.7417568804320033e+09,"_runtime":757.859400758,"_step":25,"epoch":25,"final_loss":1.9607656007136192,"_wandb":{"runtime":757},"avg_epoch_loss":1.9607656007136192}