{"_runtime":811.71366931,"_step":50,"final_loss":4.392433103247942,"_wandb":{"runtime":811},"epoch":50,"avg_epoch_loss":4.392433103247942,"_timestamp":1.741747355827025e+09}