{"final_loss":4.184281807451993,"_wandb":{"runtime":85},"epoch":5,"avg_epoch_loss":4.184281807451993,"_timestamp":1.7417488574363532e+09,"_runtime":85.764661402,"_step":5}