{"_timestamp":1.741749208279448e+09,"_runtime":84.962856455,"_step":5,"final_loss":4.779873650670959,"_wandb":{"runtime":84},"epoch":5,"avg_epoch_loss":4.779873650670959}