{"epoch":25,"avg_epoch_loss":4.6942895584927475,"_timestamp":1.7417447991780133e+09,"_runtime":371.304661102,"_step":25,"final_loss":4.6942895584927475,"_wandb":{"runtime":371}}