{"final_loss":1.9849271762024832,"_wandb":{"runtime":412},"epoch":10,"avg_epoch_loss":1.9849271762024832,"_timestamp":1.741746056742217e+09,"_runtime":412.270347632,"_step":10}