{"_timestamp":1.7417397603202744e+09,"_runtime":156.447497461,"_step":10,"final_loss":4.6327735412064674,"_wandb":{"runtime":156},"epoch":10,"avg_epoch_loss":4.6327735412064674}