{"_timestamp":1.7417303143650587e+09,"_runtime":281.783626853,"_step":5,"final_loss":1.7386992223593198,"_wandb":{"runtime":281},"epoch":5,"avg_epoch_loss":1.7386992223593198}