{"_step":50,"final_loss":5.28096833007703,"_wandb":{"runtime":473},"epoch":50,"avg_epoch_loss":5.28096833007703,"_timestamp":1.7417567428020504e+09,"_runtime":473.864151856}