{"epoch":250,"avg_epoch_loss":2.1216472820252985,"_timestamp":1.741774102196369e+09,"_runtime":2444.040966442,"_step":250,"final_loss":2.1216472820252985,"_wandb":{"runtime":2444}}