{"avg_epoch_loss":5.153515274892717,"_timestamp":1.7417413494678528e+09,"_runtime":231.745865786,"final_loss":5.153515274892717,"_wandb":{"runtime":231},"_step":25,"epoch":25}