{"epoch":50,"final_loss":2.856179763256471,"_wandb":{"runtime":815},"avg_epoch_loss":2.856179763256471,"_timestamp":1.7417498211750388e+09,"_runtime":815.425047024,"_step":50}