{"_step":5,"final_loss":5.608337456968696,"_wandb":{"runtime":50},"epoch":5,"avg_epoch_loss":5.608337456968696,"_timestamp":1.741735531932457e+09,"_runtime":50.959222105}