{"_timestamp":1.7417364733009028e+09,"_runtime":208.844472533,"_step":5,"final_loss":2.0784369850530147,"_wandb":{"runtime":208},"epoch":5,"avg_epoch_loss":2.0784369850530147}