{"epoch":25,"avg_epoch_loss":3.6775237476468137,"_timestamp":1.7417411113764863e+09,"_runtime":257.933813265,"_step":25,"final_loss":3.6775237476468137,"_wandb":{"runtime":257}}