{"epoch":50,"avg_epoch_loss":1.4545019661196104,"_timestamp":1.7417693475667996e+09,"final_loss":1.4545019661196104,"_wandb":{"runtime":2087},"_runtime":2087.536760825,"_step":50}