{"_step":5,"final_loss":5.025626212792991,"_wandb":{"runtime":78},"epoch":5,"avg_epoch_loss":5.025626212792991,"_timestamp":1.7417363041991289e+09,"_runtime":78.383490272}