{"_wandb":{"runtime":1050},"epoch":25,"avg_epoch_loss":1.466468687797723,"_timestamp":1.741770620059595e+09,"_runtime":1050.445144036,"_step":25,"final_loss":1.466468687797723}