{"epoch":5,"final_loss":4.005326215959975,"_wandb":{"runtime":88},"avg_epoch_loss":4.005326215959975,"_timestamp":1.7417365739616022e+09,"_runtime":88.432055645,"_step":5}