{"epoch":50,"avg_epoch_loss":2.329597223248031,"final_loss":2.329597223248031,"_wandb":{"runtime":501},"_timestamp":1.7417544949643948e+09,"_runtime":501.591461705,"_step":50}