{"_wandb":{"runtime":1459},"epoch":50,"avg_epoch_loss":2.359862380711473,"_timestamp":1.741756120121987e+09,"_runtime":1459.965682701,"_step":50,"final_loss":2.359862380711473}