{"_runtime":58.936206564,"_step":5,"epoch":5,"avg_epoch_loss":5.157478106184652,"final_loss":5.157478106184652,"_wandb":{"runtime":58},"_timestamp":1.741729465232185e+09}