{"_wandb":{"runtime":55},"_step":5,"epoch":5,"avg_epoch_loss":5.121237800980693,"_timestamp":1.7417479910394905e+09,"_runtime":55.122574171,"final_loss":5.121237800980693}