{"epoch":50,"avg_epoch_loss":2.413046246847591,"_timestamp":1.741764106772488e+09,"final_loss":2.413046246847591,"_wandb":{"runtime":503},"_runtime":503.485427782,"_step":50}