{"final_loss":4.849098366572056,"_wandb":{"runtime":233},"_step":25,"epoch":25,"avg_epoch_loss":4.849098366572056,"_timestamp":1.7417403402934263e+09,"_runtime":233.302771715}