{"avg_epoch_loss":5.237217526611314,"_timestamp":1.741750795981772e+09,"final_loss":5.237217526611314,"_wandb":{"runtime":115},"_runtime":115.080134406,"_step":10,"epoch":10}