{"_runtime":107.182770157,"_step":10,"epoch":10,"avg_epoch_loss":4.798102440563316,"_timestamp":1.7417500548365512e+09,"final_loss":4.798102440563316,"_wandb":{"runtime":107}}