{"_runtime":997.509530135,"final_loss":2.3612703547806415,"_wandb":{"runtime":997},"_step":25,"epoch":25,"avg_epoch_loss":2.3612703547806415,"_timestamp":1.7417512357217853e+09}