{"_timestamp":1.7417310811464686e+09,"_runtime":93.239804841,"_step":5,"final_loss":5.0154882558500535,"_wandb":{"runtime":93},"epoch":5,"avg_epoch_loss":5.0154882558500535}