{"final_loss":2.732680941042693,"_wandb":{"runtime":484},"epoch":50,"avg_epoch_loss":2.732680941042693,"_timestamp":1.7417720089618275e+09,"_runtime":484.153685426,"_step":50}