{"_runtime":2194.003861718,"_step":250,"final_loss":4.444342498091169,"_wandb":{"runtime":2194},"epoch":250,"avg_epoch_loss":4.444342498091169,"_timestamp":1.7417623212306035e+09}