{"final_loss":1.9512615066568402,"_wandb":{"runtime":403},"epoch":10,"avg_epoch_loss":1.9512615066568402,"_timestamp":1.7417411511828728e+09,"_runtime":403.176575191,"_step":10}