{"_step":10,"final_loss":3.970209248800079,"_wandb":{"runtime":158},"epoch":10,"avg_epoch_loss":3.970209248800079,"_timestamp":1.741739102102266e+09,"_runtime":158.860173682}