{"_wandb":{"runtime":724},"epoch":25,"avg_epoch_loss":1.9369513612569444,"_timestamp":1.7417454591318882e+09,"_runtime":724.084513194,"_step":25,"final_loss":1.9369513612569444}