{"_timestamp":1.7417489522423332e+09,"_runtime":88.594304944,"_step":5,"final_loss":4.080269110973344,"_wandb":{"runtime":88},"epoch":5,"avg_epoch_loss":4.080269110973344}