{"avg_epoch_loss":1.9591334367697228,"_timestamp":1.7417300284955335e+09,"_runtime":261.060674103,"_step":5,"final_loss":1.9591334367697228,"_wandb":{"runtime":261},"epoch":5}