{"_runtime":500.047076423,"_step":50,"epoch":50,"avg_epoch_loss":2.3530549237856992,"_timestamp":1.741764917488437e+09,"final_loss":2.3530549237856992,"_wandb":{"runtime":500}}