{"_step":100,"epoch":100,"avg_epoch_loss":4.989403542188073,"_timestamp":1.7417574174076324e+09,"final_loss":4.989403542188073,"_wandb":{"runtime":672},"_runtime":672.505165959}