{"_timestamp":1.7417435997560067e+09,"_runtime":406.520146955,"_step":10,"final_loss":1.829558957574104,"_wandb":{"runtime":406},"epoch":10,"avg_epoch_loss":1.829558957574104}