{"final_loss":5.347140968797715,"_wandb":{"runtime":90},"avg_epoch_loss":5.347140968797715,"_timestamp":1.7417309827099466e+09,"_runtime":90.881050818,"_step":5,"epoch":5}