{"_step":10,"epoch":10,"final_loss":1.7166197994495322,"_wandb":{"runtime":404},"avg_epoch_loss":1.7166197994495322,"_timestamp":1.7417415584883866e+09,"_runtime":404.122976786}