{"_timestamp":1.7417455959718006e+09,"_runtime":397.113425817,"_step":25,"epoch":25,"final_loss":3.1846082448596302,"_wandb":{"runtime":397},"avg_epoch_loss":3.1846082448596302}