{"_runtime":205.348250668,"_step":5,"final_loss":2.3631655517985393,"_wandb":{"runtime":205},"epoch":5,"avg_epoch_loss":2.3631655517985393,"_timestamp":1.7417354126620815e+09}