{"_wandb":{"runtime":381},"_step":50,"epoch":50,"avg_epoch_loss":2.91690610369315,"_timestamp":1.7417630963839033e+09,"_runtime":381.614489216,"final_loss":2.91690610369315}