{"_timestamp":1.7417274737452097e+09,"_runtime":228.141280095,"_step":5,"epoch":4,"final_loss":6.095857870228828,"_wandb":{"runtime":228},"avg_epoch_loss":6.095857870228828}