{"final_loss":4.392535316326555,"_wandb":{"runtime":81},"avg_epoch_loss":4.392535316326555,"_timestamp":1.7417363893428261e+09,"_runtime":81.812457734,"_step":5,"epoch":5}