{"_runtime":410.267405891,"_step":10,"epoch":10,"avg_epoch_loss":1.7378878046986408,"final_loss":1.7378878046986408,"_wandb":{"runtime":410},"_timestamp":1.7417468870068507e+09}