{"_timestamp":1.7417730305626144e+09,"final_loss":2.362870193212419,"_wandb":{"runtime":498},"_runtime":498.620974299,"_step":50,"epoch":50,"avg_epoch_loss":2.362870193212419}