{"_runtime":2441.365969327,"_step":250,"epoch":250,"avg_epoch_loss":2.10322383096492,"final_loss":2.10322383096492,"_wandb":{"runtime":2441},"_timestamp":1.7417765466437967e+09}