{"_wandb":{"runtime":407},"epoch":25,"avg_epoch_loss":3.479854715489918,"_timestamp":1.7417475844633183e+09,"_runtime":407.59481464,"_step":25,"final_loss":3.479854715489918}