{"avg_epoch_loss":1.5431101029567909,"_timestamp":1.7417575955575364e+09,"_runtime":2066.141968769,"_step":50,"final_loss":1.5431101029567909,"_wandb":{"runtime":2066},"epoch":50}