{"_step":5,"epoch":5,"avg_epoch_loss":5.366418198155405,"final_loss":5.366418198155405,"_wandb":{"runtime":53},"_timestamp":1.7417355900690162e+09,"_runtime":53.923359355}