{"_timestamp":1.7417390348527913e+09,"_runtime":213.652783297,"_step":5,"epoch":5,"final_loss":1.9431511300255369,"_wandb":{"runtime":213},"avg_epoch_loss":1.9431511300255369}