{"_wandb":{"runtime":1018},"epoch":25,"avg_epoch_loss":1.6935221432546124,"_timestamp":1.741753275098735e+09,"_runtime":1018.66533565,"_step":25,"final_loss":1.6935221432546124}