{"_runtime":402.557422868,"_step":10,"epoch":10,"avg_epoch_loss":2.361493102520176,"final_loss":2.361493102520176,"_wandb":{"runtime":402},"_timestamp":1.7417456402338383e+09}