{"_step":25,"final_loss":1.9051272360524538,"_wandb":{"runtime":774},"epoch":25,"avg_epoch_loss":1.9051272360524538,"_timestamp":1.7417498464925942e+09,"_runtime":774.171939421}