{"_step":5,"epoch":5,"avg_epoch_loss":5.161304093391057,"_timestamp":1.7417484619469733e+09,"_runtime":62.001322449,"final_loss":5.161304093391057,"_wandb":{"runtime":62}}