{"final_loss":3.367362817413604,"_wandb":{"runtime":470},"epoch":50,"avg_epoch_loss":3.367362817413604,"_timestamp":1.7417593819265528e+09,"_runtime":470.483222385,"_step":50}