{"epoch":10,"avg_epoch_loss":3.79989816205305,"final_loss":3.79989816205305,"_wandb":{"runtime":122},"_timestamp":1.741750543623672e+09,"_runtime":122.01200619,"_step":10}