{"_wandb":{"runtime":164},"epoch":10,"avg_epoch_loss":3.642963939836447,"_timestamp":1.7417516700903745e+09,"_runtime":164.497048519,"_step":10,"final_loss":3.642963939836447}