{"avg_epoch_loss":1.688342525189481,"final_loss":1.688342525189481,"_wandb":{"runtime":209},"_timestamp":1.7417360520560324e+09,"_runtime":209.751121573,"_step":5,"epoch":5}