{"_timestamp":1.741749941377104e+09,"_runtime":100.426065312,"_step":10,"epoch":10,"final_loss":5.0151886985985845,"_wandb":{"runtime":100},"avg_epoch_loss":5.0151886985985845}