{"_wandb":{"runtime":153},"epoch":10,"avg_epoch_loss":4.851631923892713,"_timestamp":1.741738938089207e+09,"_runtime":153.011042183,"_step":10,"final_loss":4.851631923892713}