{"_timestamp":1.7417518448380272e+09,"_runtime":171.630385296,"_step":10,"epoch":10,"avg_epoch_loss":3.4941902462319074,"final_loss":3.4941902462319074,"_wandb":{"runtime":171}}