{"avg_epoch_loss":2.3641771501987368,"_timestamp":1.741768426718173e+09,"final_loss":2.3641771501987368,"_wandb":{"runtime":499},"_runtime":499.560650061,"_step":50,"epoch":50}