{"_timestamp":1.7417463856031334e+09,"_runtime":369.555124088,"_step":25,"final_loss":4.958490171633338,"_wandb":{"runtime":369},"epoch":25,"avg_epoch_loss":4.958490171633338}