{"_timestamp":1.741755002750619e+09,"_runtime":501.504444725,"_step":50,"final_loss":2.3259892526107864,"_wandb":{"runtime":501},"epoch":50,"avg_epoch_loss":2.3259892526107864}