{"_wandb":{"runtime":60},"epoch":5,"avg_epoch_loss":5.198798591338297,"_timestamp":1.741736086892427e+09,"_runtime":60.582636559,"_step":5,"final_loss":5.198798591338297}