{"_step":250,"final_loss":3.082656803687057,"_wandb":{"runtime":2280},"epoch":250,"avg_epoch_loss":3.082656803687057,"_timestamp":1.7417668735384765e+09,"_runtime":2280.418160958}