{"_wandb":{"runtime":983},"epoch":100,"avg_epoch_loss":2.27885300213018,"_timestamp":1.741779988087664e+09,"_runtime":983.070227405,"_step":100,"final_loss":2.27885300213018}