{"final_loss":1.4383839000148873,"_wandb":{"runtime":2063},"epoch":50,"avg_epoch_loss":1.4383839000148873,"_timestamp":1.7417672528094058e+09,"_runtime":2063.222005885,"_step":50}