{"final_loss":2.7316611262189374,"_wandb":{"runtime":254},"_timestamp":1.7417725267181425e+09,"_runtime":254.662017442,"_step":25,"epoch":25,"avg_epoch_loss":2.7316611262189374}