{"final_loss":1.4717943852517268,"_wandb":{"runtime":2062},"avg_epoch_loss":1.4717943852517268,"_timestamp":1.7417649595208836e+09,"_runtime":2062.969740818,"_step":50,"epoch":50}