{"final_loss":4.7966845748189835,"_wandb":{"runtime":65},"epoch":5,"avg_epoch_loss":4.7966845748189835,"_timestamp":1.7417485984005508e+09,"_runtime":65.606178428,"_step":5}