{"_wandb":{"runtime":499},"_step":50,"epoch":50,"avg_epoch_loss":2.349100985035703,"_timestamp":1.741771521372216e+09,"_runtime":499.2649909,"final_loss":2.349100985035703}