{"_step":25,"epoch":25,"avg_epoch_loss":2.6312616358737686,"_timestamp":1.741765680842445e+09,"_runtime":252.954687632,"final_loss":2.6312616358737686,"_wandb":{"runtime":252}}