{"avg_epoch_loss":1.494138496929464,"_timestamp":1.7417622210905104e+09,"_runtime":428.14360789,"_step":10,"final_loss":1.494138496929464,"_wandb":{"runtime":428},"epoch":10}