{"_wandb":{"runtime":153},"_step":10,"epoch":10,"avg_epoch_loss":5.130358816489829,"_timestamp":1.7417520104837048e+09,"_runtime":153.472864898,"final_loss":5.130358816489829}