{"_wandb":{"runtime":154},"avg_epoch_loss":4.8296248220343525,"_timestamp":1.7417513376396887e+09,"_runtime":154.129562865,"_step":10,"epoch":10,"final_loss":4.8296248220343525}