{"_wandb":{"runtime":497},"epoch":50,"avg_epoch_loss":2.35431491362082,"_timestamp":1.7417534857140996e+09,"_runtime":497.962824696,"_step":50,"final_loss":2.35431491362082}