{"avg_epoch_loss":3.8689904488867874,"final_loss":3.8689904488867874,"_wandb":{"runtime":253},"_timestamp":1.7417532579386327e+09,"_runtime":253.321188973,"_step":25,"epoch":25}