{"_wandb":{"runtime":2345},"epoch":250,"avg_epoch_loss":2.3737986378047777,"_timestamp":1.7417692217629442e+09,"_runtime":2345.948883154,"_step":250,"final_loss":2.3737986378047777}