{"epoch":25,"avg_epoch_loss":2.6314151615307138,"_timestamp":1.7417562693608763e+09,"_runtime":253.498031178,"_step":25,"final_loss":2.6314151615307138,"_wandb":{"runtime":253}}