{"_timestamp":1.741761591078937e+09,"_runtime":498.237992376,"final_loss":2.3577605630900407,"_wandb":{"runtime":498},"_step":50,"epoch":50,"avg_epoch_loss":2.3577605630900407}