{"_step":10,"final_loss":5.154668564985152,"_wandb":{"runtime":153},"epoch":10,"avg_epoch_loss":5.154668564985152,"_timestamp":1.7417395987690513e+09,"_runtime":153.006608683}