{"_step":5,"final_loss":5.367007637644167,"_wandb":{"runtime":58},"epoch":5,"avg_epoch_loss":5.367007637644167,"_timestamp":1.7417297815995731e+09,"_runtime":58.608018636}