{"_runtime":216.470402515,"_step":5,"final_loss":1.5146059285456666,"_wandb":{"runtime":216},"epoch":5,"avg_epoch_loss":1.5146059285456666,"_timestamp":1.741739474601928e+09}