{"_runtime":419.124330214,"final_loss":1.7399953999362399,"_wandb":{"runtime":419},"_step":10,"epoch":10,"avg_epoch_loss":1.7399953999362399,"_timestamp":1.7417498090681324e+09}