{"final_loss":2.3518487157652506,"_wandb":{"runtime":500},"_runtime":500.589225398,"_step":50,"epoch":50,"avg_epoch_loss":2.3518487157652506,"_timestamp":1.7417605879510489e+09}