{"_timestamp":1.741749002554663e+09,"_runtime":818.840272514,"_step":50,"epoch":50,"avg_epoch_loss":2.855782017306935,"final_loss":2.855782017306935,"_wandb":{"runtime":818}}