{"_wandb":{"runtime":421},"epoch":10,"avg_epoch_loss":1.654025200638602,"_timestamp":1.7417502329423442e+09,"_runtime":421.631309755,"_step":10,"final_loss":1.654025200638602}