{"avg_epoch_loss":5.738061050257626,"_timestamp":1.7417352299076693e+09,"_runtime":22.604436069,"_step":1,"_wandb":{"runtime":22},"epoch":2}