{"avg_epoch_loss":5.019316186496403,"_timestamp":1.741736740812986e+09,"_runtime":81.575988709,"_step":5,"final_loss":5.019316186496403,"_wandb":{"runtime":81},"epoch":5}