{"_step":5,"final_loss":2.3623567085515864,"_wandb":{"runtime":210},"epoch":5,"avg_epoch_loss":2.3623567085515864,"_timestamp":1.741738818106312e+09,"_runtime":210.622870175}