{"_step":5,"final_loss":2.3629035021619607,"_wandb":{"runtime":264},"epoch":5,"avg_epoch_loss":2.3629035021619607,"_timestamp":1.7417297633500528e+09,"_runtime":264.423375945}