{"_runtime":821.257046761,"_step":50,"final_loss":4.386009531530792,"_wandb":{"runtime":821},"epoch":50,"avg_epoch_loss":4.386009531530792,"_timestamp":1.7417456421021588e+09}