{"epoch":25,"avg_epoch_loss":4.088611463372905,"_timestamp":1.7417441155097196e+09,"_runtime":287.773856224,"_step":25,"final_loss":4.088611463372905,"_wandb":{"runtime":287}}