{"_wandb":{"runtime":233},"_runtime":233.639237675,"_step":5,"epoch":4,"avg_epoch_loss":6.124795561369277,"_timestamp":1.7417277135312748e+09,"final_loss":6.124795561369277}