{"epoch":10,"avg_epoch_loss":4.358170729737882,"_timestamp":1.7417371264204848e+09,"_runtime":101.73579556,"_step":10,"final_loss":4.358170729737882,"_wandb":{"runtime":101}}