{"_runtime":113.989138713,"_step":10,"final_loss":4.8994953558969705,"_wandb":{"runtime":113},"epoch":10,"avg_epoch_loss":4.8994953558969705,"_timestamp":1.7417379121667922e+09}