{"final_loss":4.3229238645507655,"_wandb":{"runtime":56},"avg_epoch_loss":4.3229238645507655,"_timestamp":1.7417354757454798e+09,"_runtime":56.229897389,"_step":5,"epoch":5}