{"final_loss":4.487524185728187,"_wandb":{"runtime":61},"epoch":5,"avg_epoch_loss":4.487524185728187,"_timestamp":1.7417481851308074e+09,"_runtime":61.230745228,"_step":5}