{"_step":50,"final_loss":2.326694783729476,"_wandb":{"runtime":500},"epoch":50,"avg_epoch_loss":2.326694783729476,"_timestamp":1.7417555094476295e+09,"_runtime":500.462898969}