{"final_loss":1.6544759595285363,"_wandb":{"runtime":406},"epoch":10,"avg_epoch_loss":1.6544759595285363,"_timestamp":1.7417448166259348e+09,"_runtime":406.381159552,"_step":10}