{"avg_epoch_loss":4.059625218063431,"_timestamp":1.741749620364155e+09,"_runtime":105.488562763,"final_loss":4.059625218063431,"_wandb":{"runtime":105},"_step":10,"epoch":10}