{"_step":5,"final_loss":4.810634297237517,"_wandb":{"runtime":98},"epoch":5,"avg_epoch_loss":4.810634297237517,"_timestamp":1.7417311857210078e+09,"_runtime":98.470861834}