{"_timestamp":1.7417471727207317e+09,"final_loss":3.792643504477802,"_wandb":{"runtime":395},"_runtime":395.637873673,"_step":25,"epoch":25,"avg_epoch_loss":3.792643504477802}