{"_step":10,"final_loss":4.955467204147124,"_wandb":{"runtime":98},"epoch":10,"avg_epoch_loss":4.955467204147124,"_timestamp":1.7417494053845844e+09,"_runtime":98.770783442}