{"_step":25,"final_loss":4.247356192149718,"_wandb":{"runtime":381},"epoch":25,"avg_epoch_loss":4.247356192149718,"_timestamp":1.7417467727972383e+09,"_runtime":381.991752839}