{"_timestamp":1.7417305821728387e+09,"final_loss":5.020782781348022,"_wandb":{"runtime":92},"_runtime":92.822252269,"_step":5,"epoch":5,"avg_epoch_loss":5.020782781348022}