{"_wandb":{"runtime":110},"_step":10,"epoch":10,"avg_epoch_loss":4.686844124288362,"_timestamp":1.7417377859904208e+09,"_runtime":110.090627652,"final_loss":4.686844124288362}