{"_wandb":{"runtime":406},"epoch":10,"avg_epoch_loss":2.361128746545699,"_timestamp":1.7417489695054479e+09,"_runtime":406.526163598,"_step":10,"final_loss":2.361128746545699}