{"final_loss":4.877147200151164,"_wandb":{"runtime":113},"epoch":10,"avg_epoch_loss":4.877147200151164,"_timestamp":1.7417502959392867e+09,"_runtime":113.043651567,"_step":10}