{"avg_epoch_loss":3.8353346630043252,"_timestamp":1.7417444247448947e+09,"_runtime":297.068369599,"_step":25,"final_loss":3.8353346630043252,"_wandb":{"runtime":297},"epoch":25}