{"_wandb":{"runtime":814},"epoch":50,"avg_epoch_loss":4.393275867950881,"_timestamp":1.7417465409046721e+09,"_runtime":814.170855692,"_step":50,"final_loss":4.393275867950881}