{"_timestamp":1.7417403441551805e+09,"_runtime":215.358377835,"_step":5,"final_loss":1.7648196010843962,"_wandb":{"runtime":215},"epoch":5,"avg_epoch_loss":1.7648196010843962}