{"_timestamp":1.7417301920153012e+09,"_runtime":70.553451955,"final_loss":4.107842062916693,"_wandb":{"runtime":70},"_step":5,"epoch":5,"avg_epoch_loss":4.107842062916693}