{"epoch":5,"avg_epoch_loss":4.84867718091835,"final_loss":4.84867718091835,"_wandb":{"runtime":70},"_timestamp":1.7417304832336829e+09,"_runtime":70.455760434,"_step":5}