{"final_loss":1.8970181047047956,"_wandb":{"runtime":212},"epoch":5,"avg_epoch_loss":1.8970181047047956,"_timestamp":1.7417383767678456e+09,"_runtime":212.347977429,"_step":5}