{"epoch":50,"avg_epoch_loss":1.8453609663696116,"_timestamp":1.741758072624816e+09,"_runtime":1188.002220468,"_step":50,"final_loss":1.8453609663696116,"_wandb":{"runtime":1188}}