{"_runtime":59.301301951,"_step":5,"epoch":5,"avg_epoch_loss":5.0546815879255,"_timestamp":1.7417481176429493e+09,"final_loss":5.0546815879255,"_wandb":{"runtime":59}}