{"final_loss":2.9900675335663705,"_wandb":{"runtime":410},"epoch":25,"avg_epoch_loss":2.9900675335663705,"_timestamp":1.7417460098606863e+09,"_runtime":410.686339514,"_step":25}