{"_wandb":{"runtime":119},"avg_epoch_loss":3.7312547882562206,"_timestamp":1.7417381561884015e+09,"_runtime":119.104082139,"_step":10,"epoch":10,"final_loss":3.7312547882562206}