{"_wandb":{"runtime":412},"avg_epoch_loss":1.6483214913760584,"_timestamp":1.7417419767124429e+09,"_runtime":412.091009596,"_step":10,"epoch":10,"final_loss":1.6483214913760584}