{"_runtime":124.704571288,"final_loss":3.582937988541929,"_wandb":{"runtime":124},"_step":10,"epoch":10,"avg_epoch_loss":3.582937988541929,"_timestamp":1.7417382841085727e+09}