{"_runtime":53.145373454,"_step":5,"final_loss":5.177298179729778,"_wandb":{"runtime":53},"epoch":5,"avg_epoch_loss":5.177298179729778,"_timestamp":1.741735646358948e+09}