{"_timestamp":1.7417359593572e+09,"_runtime":66.058318723,"_step":5,"final_loss":4.095279166755869,"_wandb":{"runtime":66},"epoch":5,"avg_epoch_loss":4.095279166755869}