{"final_loss":5.321683573118639,"_wandb":{"runtime":53},"epoch":5,"avg_epoch_loss":5.321683573118639,"_timestamp":1.7417479323400393e+09,"_runtime":53.541361057,"_step":5}