{"_step":10,"final_loss":4.323805469171593,"_wandb":{"runtime":102},"epoch":10,"avg_epoch_loss":4.323805469171593,"_timestamp":1.741749510635424e+09,"_runtime":102.936923843}