{"avg_epoch_loss":5.1586949842391645,"_timestamp":1.7417353001760533e+09,"_runtime":55.263401432,"_step":5,"final_loss":5.1586949842391645,"_wandb":{"runtime":55},"epoch":5}