{"avg_epoch_loss":2.3648642555350934,"_timestamp":1.7417379414652708e+09,"_runtime":209.224917155,"_step":5,"final_loss":2.3648642555350934,"_wandb":{"runtime":209},"epoch":5}