{"avg_epoch_loss":2.335917761398328,"_timestamp":1.7417583972820697e+09,"final_loss":2.335917761398328,"_wandb":{"runtime":500},"_runtime":500.896846306,"_step":50,"epoch":50}