{"_wandb":{"runtime":83},"_step":5,"epoch":5,"avg_epoch_loss":4.99320150966948,"_timestamp":1.7417491201102679e+09,"_runtime":83.100884058,"final_loss":4.99320150966948}