{"epoch":25,"avg_epoch_loss":4.450117655467709,"final_loss":4.450117655467709,"_wandb":{"runtime":278},"_timestamp":1.7417438215709906e+09,"_runtime":278.16985116,"_step":25}