{"_step":4,"epoch":5,"avg_epoch_loss":5.156713240402105,"_timestamp":1.741734963101939e+09,"_wandb":{"runtime":54},"_runtime":54.872885631}