{"avg_epoch_loss":1.9426645469576103,"final_loss":1.9426645469576103,"_wandb":{"runtime":403},"_timestamp":1.7417444080595741e+09,"_runtime":403.182678724,"_step":10,"epoch":10}