{"_wandb":{"runtime":87},"_timestamp":1.741736919318372e+09,"_runtime":87.039075463,"_step":5,"epoch":5,"avg_epoch_loss":4.646434078802779,"final_loss":4.646434078802779}