{"_step":5,"epoch":5,"avg_epoch_loss":4.022325183149627,"final_loss":4.022325183149627,"_wandb":{"runtime":102},"_timestamp":1.7417308866976492e+09,"_runtime":102.327967828}