{"epoch":5,"avg_epoch_loss":1.5244536682037662,"_timestamp":1.7417651833895729e+09,"_runtime":217.759521643,"_step":5,"final_loss":1.5244536682037662,"_wandb":{"runtime":217}}