{"_wandb":{"runtime":100},"avg_epoch_loss":5.068322481449261,"_timestamp":1.741737558460459e+09,"_runtime":100.925164534,"_step":10,"epoch":10,"final_loss":5.068322481449261}