{"epoch":5,"avg_epoch_loss":4.6824040050917235,"_timestamp":1.7417353590009508e+09,"_runtime":52.441479863,"_step":5,"final_loss":4.6824040050917235,"_wandb":{"runtime":52}}