{"avg_epoch_loss":2.373148112041214,"_timestamp":1.741750442933573e+09,"_runtime":609.47629176,"_step":50,"final_loss":2.373148112041214,"_wandb":{"runtime":609},"epoch":50}