{"final_loss":1.995914655033041,"_wandb":{"runtime":208},"_timestamp":1.74173989971627e+09,"_runtime":208.97246479,"_step":5,"epoch":5,"avg_epoch_loss":1.995914655033041}