{"final_loss":4.01284218272631,"_wandb":{"runtime":87},"epoch":5,"avg_epoch_loss":4.01284218272631,"_timestamp":1.7417710168734972e+09,"_runtime":87.518963661,"_step":5}