{"avg_epoch_loss":5.612008506736941,"_timestamp":1.7417297208267887e+09,"_runtime":58.779166964,"_step":5,"final_loss":5.612008506736941,"_wandb":{"runtime":58},"epoch":5}