{"_wandb":{"runtime":500},"epoch":50,"avg_epoch_loss":2.3446875197460524,"_timestamp":1.7417627103803468e+09,"_runtime":500.289494631,"_step":50,"final_loss":2.3446875197460524}