{"_runtime":335.32822938,"_step":5,"epoch":5,"avg_epoch_loss":2.075528652656764,"final_loss":2.075528652656764,"_wandb":{"runtime":335},"_timestamp":1.7417313912309077e+09}