{"_wandb":{"runtime":612},"epoch":50,"avg_epoch_loss":2.414907841376227,"_timestamp":1.7417573906382573e+09,"_runtime":612.034674905,"_step":50,"final_loss":2.414907841376227}