{"_timestamp":1.7417295230691504e+09,"_runtime":55.58963471,"_step":5,"final_loss":4.681355271165107,"_wandb":{"runtime":55},"epoch":5,"avg_epoch_loss":4.681355271165107}