{"avg_epoch_loss":5.348022891898745,"_timestamp":1.7417286209800205e+09,"_runtime":220.959971596,"_step":5,"final_loss":5.348022891898745,"_wandb":{"runtime":220},"epoch":4}