{"final_loss":1.9395437709019776,"_wandb":{"runtime":2297},"epoch":100,"avg_epoch_loss":1.9395437709019776,"_timestamp":1.7417721065783281e+09,"_runtime":2297.801976965,"_step":100}