{"epoch":5,"avg_epoch_loss":1.6437541719481383,"_timestamp":1.7417392539006727e+09,"_runtime":214.89457182,"_step":5,"final_loss":1.6437541719481383,"_wandb":{"runtime":214}}