{"_step":5,"final_loss":5.071797596583403,"_wandb":{"runtime":56},"epoch":5,"avg_epoch_loss":5.071797596583403,"_timestamp":1.7417357619182491e+09,"_runtime":56.8744469}