{"_wandb":{"runtime":317},"epoch":10,"avg_epoch_loss":1.8513427703442313,"_timestamp":1.741749060159256e+09,"_runtime":317.553277393,"_step":10,"final_loss":1.8513427703442313}