{"_timestamp":1.741729980120662e+09,"_runtime":63.118924141,"_step":5,"final_loss":5.07309635390123,"_wandb":{"runtime":63},"epoch":5,"avg_epoch_loss":5.07309635390123}