{"_step":5,"epoch":5,"avg_epoch_loss":1.9597727068457884,"_timestamp":1.7417356252144575e+09,"final_loss":1.9597727068457884,"_wandb":{"runtime":208},"_runtime":208.36383231}