{"_timestamp":1.741747755623139e+09,"_runtime":55.429345407,"_step":5,"final_loss":4.440015597008403,"_wandb":{"runtime":55},"epoch":5,"avg_epoch_loss":4.440015597008403}