{"final_loss":4.9563268539419045,"_wandb":{"runtime":57},"epoch":5,"avg_epoch_loss":4.9563268539419045,"_timestamp":1.7417480542095675e+09,"_runtime":57.981759692,"_step":5}