{"avg_epoch_loss":1.6041601377660395,"_timestamp":1.7417731177065892e+09,"_runtime":2060.228394892,"_step":50,"final_loss":1.6041601377660395,"_wandb":{"runtime":2060},"epoch":50}