{"_timestamp":1.741772265822495e+09,"final_loss":2.6332425579831407,"_wandb":{"runtime":252},"_runtime":252.65343082,"_step":25,"epoch":25,"avg_epoch_loss":2.6332425579831407}