{"_wandb":{"runtime":2447},"avg_epoch_loss":2.10394500336937,"_timestamp":1.7417789997964346e+09,"_runtime":2447.89554938,"_step":250,"epoch":250,"final_loss":2.10394500336937}