{"_step":50,"epoch":50,"avg_epoch_loss":2.540319304452146,"_timestamp":1.74176904664304e+09,"final_loss":2.540319304452146,"_wandb":{"runtime":616},"_runtime":616.698032266}