{"epoch":5,"avg_epoch_loss":2.3629029527305114,"_timestamp":1.7417350770139647e+09,"_runtime":200.967230351,"_step":4,"_wandb":{"runtime":201}}