{"_runtime":217.823766635,"_step":5,"final_loss":1.5220291214037687,"_wandb":{"runtime":217},"epoch":5,"avg_epoch_loss":1.5220291214037687,"_timestamp":1.7417626611234581e+09}