{"_step":5,"epoch":5,"avg_epoch_loss":4.609070007137271,"_timestamp":1.7417493033934827e+09,"_runtime":87.917599237,"final_loss":4.609070007137271,"_wandb":{"runtime":87}}