{"avg_epoch_loss":5.756412511642199,"_timestamp":1.7417281786341448e+09,"_runtime":210.904698891,"_step":5,"final_loss":5.756412511642199,"_wandb":{"runtime":210},"epoch":4}