{"_timestamp":1.7417301181616666e+09,"final_loss":4.233247589333721,"_wandb":{"runtime":68},"_runtime":68.156777084,"_step":5,"epoch":5,"avg_epoch_loss":4.233247589333721}