{"_runtime":117.177289841,"_step":10,"final_loss":4.814709478655479,"_wandb":{"runtime":117},"epoch":10,"avg_epoch_loss":4.814709478655479,"_timestamp":1.7417509194084492e+09}