{"_wandb":{"runtime":20},"avg_epoch_loss":5.765976166987157,"_timestamp":1.741731424530693e+09,"_runtime":16.330114408,"_step":0,"epoch":1}