{"_wandb":{"runtime":58},"epoch":5,"avg_epoch_loss":4.3184379483256405,"_timestamp":1.7417351439000187e+09,"_runtime":58.283379251,"_step":4}