{"avg_epoch_loss":4.432361508352524,"_timestamp":1.741748171573572e+09,"final_loss":4.432361508352524,"_wandb":{"runtime":810},"_runtime":810.482733444,"_step":50,"epoch":50}