{"final_loss":4.256524096526917,"_wandb":{"runtime":164},"_step":10,"epoch":10,"avg_epoch_loss":4.256524096526917,"_timestamp":1.7417523408566577e+09,"_runtime":164.322569583}