{"_wandb":{"runtime":84},"_runtime":84.219465869,"_step":5,"epoch":5,"avg_epoch_loss":4.808149640031656,"_timestamp":1.741736829152598e+09,"final_loss":4.808149640031656}