{"avg_epoch_loss":2.3798918304923427,"_timestamp":1.7417487383448343e+09,"_runtime":1181.243029232,"_step":50,"final_loss":2.3798918304923427,"_wandb":{"runtime":1181},"epoch":50}