{"_runtime":67.899076192,"_step":5,"final_loss":5.013473908123774,"_wandb":{"runtime":67},"epoch":5,"avg_epoch_loss":5.013473908123774,"_timestamp":1.7417304095775836e+09}