{"epoch":10,"avg_epoch_loss":4.1117420375119895,"_timestamp":1.7417380318923745e+09,"_runtime":116.500462266,"final_loss":4.1117420375119895,"_wandb":{"runtime":116},"_step":10}