{"_timestamp":1.7417519647994504e+09,"_runtime":501.429465362,"_step":50,"epoch":50,"final_loss":2.3220583210523063,"_wandb":{"runtime":501},"avg_epoch_loss":2.3220583210523063}