{"_step":5,"epoch":5,"final_loss":1.824859840884824,"_wandb":{"runtime":212},"avg_epoch_loss":1.824859840884824,"_timestamp":1.7417401166516218e+09,"_runtime":212.69010708}