{"final_loss":2.362470041742998,"_wandb":{"runtime":200},"epoch":5,"avg_epoch_loss":2.362470041742998,"_timestamp":1.741737094620028e+09,"_runtime":200.48706034,"_step":5}