{"_runtime":396.793803722,"_step":10,"final_loss":2.3610799255693324,"_wandb":{"runtime":396},"epoch":10,"avg_epoch_loss":2.3610799255693324,"_timestamp":1.7417440006517446e+09}