{"final_loss":1.786416940159117,"_wandb":{"runtime":1514},"epoch":50,"avg_epoch_loss":1.786416940159117,"_timestamp":1.7417513645983536e+09,"_runtime":1514.824585199,"_step":50}