{"_timestamp":1.741761090639143e+09,"final_loss":2.325790266531545,"_wandb":{"runtime":500},"_runtime":500.39403694,"_step":50,"epoch":50,"avg_epoch_loss":2.325790266531545}