{"final_loss":4.611129148955031,"_wandb":{"runtime":120},"epoch":10,"avg_epoch_loss":4.611129148955031,"_timestamp":1.7417386459828746e+09,"_runtime":120.460179522,"_step":10}