{"_wandb":{"runtime":385},"_runtime":385.174856437,"_step":5,"epoch":5,"avg_epoch_loss":2.3704218460786652,"_timestamp":1.7417310517343533e+09,"final_loss":2.3704218460786652}