{"_timestamp":1.7417387819455967e+09,"_runtime":123.833494961,"_step":10,"final_loss":4.420922370363903,"_wandb":{"runtime":123},"epoch":10,"avg_epoch_loss":4.420922370363903}