{"_wandb":{"runtime":428},"epoch":10,"avg_epoch_loss":1.496054997001057,"_timestamp":1.7417710533097334e+09,"_runtime":428.108201057,"_step":10,"final_loss":1.496054997001057}