{"final_loss":4.853086129783327,"_wandb":{"runtime":117},"epoch":10,"avg_epoch_loss":4.853086129783327,"_timestamp":1.7417385203385496e+09,"_runtime":117.171887665,"_step":10}