{"_step":10,"epoch":10,"final_loss":1.801016336100582,"_wandb":{"runtime":413},"avg_epoch_loss":1.801016336100582,"_timestamp":1.7417464745628803e+09,"_runtime":413.66238085}