{"_step":5,"epoch":5,"final_loss":5.013117816672783,"_wandb":{"runtime":62},"avg_epoch_loss":5.013117816672783,"_timestamp":1.74173615523741e+09,"_runtime":62.221804492}