{"_timestamp":1.7417272394663546e+09,"_runtime":232.227364268,"_step":5,"epoch":4,"avg_epoch_loss":6.221499021534897,"final_loss":6.221499021534897,"_wandb":{"runtime":232}}