{"_timestamp":1.741736260345532e+09,"_runtime":204.138253459,"_step":5,"final_loss":2.3691902504746087,"_wandb":{"runtime":204},"epoch":5,"avg_epoch_loss":2.3691902504746087}