{"avg_epoch_loss":5.344895904137563,"_timestamp":1.7417366569434288e+09,"final_loss":5.344895904137563,"_wandb":{"runtime":79},"_runtime":79.743483121,"_step":5,"epoch":5}