{"_wandb":{"runtime":212},"epoch":5,"avg_epoch_loss":2.029693563647352,"_timestamp":1.7417381582328966e+09,"_runtime":212.574407775,"_step":5,"final_loss":2.029693563647352}