{"final_loss":5.381876819030578,"_wandb":{"runtime":97},"_timestamp":1.7417374533959033e+09,"_runtime":97.494041479,"_step":10,"epoch":10,"avg_epoch_loss":5.381876819030578}