{"_step":25,"final_loss":4.662061163223654,"_wandb":{"runtime":241},"epoch":25,"avg_epoch_loss":4.662061163223654,"_timestamp":1.7417416027108326e+09,"_runtime":241.04106131}