{"final_loss":4.652778286975605,"_wandb":{"runtime":53},"_runtime":53.469489741,"_step":5,"epoch":5,"avg_epoch_loss":4.652778286975605,"_timestamp":1.741747697933088e+09}