{"_wandb":{"runtime":215},"epoch":5,"avg_epoch_loss":1.5997167263965173,"_timestamp":1.741762440002105e+09,"_runtime":215.538346267,"_step":5,"final_loss":1.5997167263965173}