{"_timestamp":1.7417350217879698e+09,"_wandb":{"runtime":53},"_runtime":53.042308848,"_step":4,"epoch":5,"avg_epoch_loss":4.689635354271115}