{"final_loss":3.8489085456987593,"_wandb":{"runtime":278},"_timestamp":1.7417426651364083e+09,"_runtime":278.756105111,"_step":25,"epoch":25,"avg_epoch_loss":3.8489085456987593}