{"avg_epoch_loss":1.8456568802467404,"_timestamp":1.7417475517797318e+09,"final_loss":1.8456568802467404,"_wandb":{"runtime":2090},"_runtime":2090.462278961,"_step":50,"epoch":50}