{"_step":50,"final_loss":2.365818594557208,"_wandb":{"runtime":499},"epoch":50,"avg_epoch_loss":2.365818594557208,"_timestamp":1.7417695496927378e+09,"_runtime":499.837459227}