{"_step":5,"final_loss":5.472158406294487,"_wandb":{"runtime":63},"epoch":5,"avg_epoch_loss":5.472158406294487,"_timestamp":1.741730262081334e+09,"_runtime":63.729776716}