{"_wandb":{"runtime":499},"epoch":50,"avg_epoch_loss":3.701890681442377,"_timestamp":1.7417509475201445e+09,"_runtime":499.348508474,"_step":50,"final_loss":3.701890681442377}