{"final_loss":4.444704660001153,"_wandb":{"runtime":52},"epoch":5,"avg_epoch_loss":4.444704660001153,"_timestamp":1.7417354153684793e+09,"_runtime":52.179822835,"_step":5}