{"_runtime":201.159956957,"_step":5,"final_loss":1.9486791690018663,"_wandb":{"runtime":201},"epoch":5,"avg_epoch_loss":1.9486791690018663,"_timestamp":1.7417372981288528e+09}