{"_runtime":97.900142482,"_step":10,"epoch":10,"avg_epoch_loss":5.351383121387188,"_timestamp":1.7417498367295647e+09,"final_loss":5.351383121387188,"_wandb":{"runtime":97}}