{"_timestamp":1.7417703103187153e+09,"_runtime":253.960138093,"_step":25,"epoch":25,"final_loss":2.599039016744575,"_wandb":{"runtime":253},"avg_epoch_loss":2.599039016744575}