{"_step":250,"epoch":250,"avg_epoch_loss":2.4477932527661324,"final_loss":2.4477932527661324,"_wandb":{"runtime":2429},"_timestamp":1.741771655008317e+09,"_runtime":2429.153564843}