{"epoch":250,"avg_epoch_loss":4.4421216638371765,"_timestamp":1.7417562635998752e+09,"_runtime":2716.353560117,"_step":250,"final_loss":4.4421216638371765,"_wandb":{"runtime":2716}}