{"avg_epoch_loss":2.3639851967627936,"_timestamp":1.74175677646281e+09,"_runtime":500.87545442,"final_loss":2.3639851967627936,"_wandb":{"runtime":500},"_step":50,"epoch":50}