{"_timestamp":1.7417418512312474e+09,"final_loss":4.372955108793606,"_wandb":{"runtime":246},"_runtime":246.398794759,"_step":25,"epoch":25,"avg_epoch_loss":4.372955108793606}