{"_runtime":501.008498922,"_step":50,"final_loss":2.309399702158329,"_wandb":{"runtime":501},"epoch":50,"avg_epoch_loss":2.309399702158329,"_timestamp":1.7417654216906657e+09}