{"_runtime":384.326926499,"_step":25,"epoch":25,"avg_epoch_loss":3.686156127666192,"final_loss":3.686156127666192,"_wandb":{"runtime":384},"_timestamp":1.7417451866921086e+09}