{"avg_epoch_loss":5.575732280026705,"_timestamp":1.7417478746739616e+09,"final_loss":5.575732280026705,"_wandb":{"runtime":52},"_runtime":52.370327814,"_step":5,"epoch":5}