{"_runtime":64.556281115,"_step":5,"final_loss":4.262361389568429,"_wandb":{"runtime":64},"epoch":5,"avg_epoch_loss":4.262361389568429,"_timestamp":1.7417482548357224e+09}