{"_step":25,"epoch":25,"final_loss":4.824169058955342,"_wandb":{"runtime":235},"avg_epoch_loss":4.824169058955342,"_timestamp":1.741752752072478e+09,"_runtime":235.291611479}