{"_timestamp":1.7417589049932716e+09,"_runtime":501.335968252,"_step":50,"final_loss":2.3372889767224723,"_wandb":{"runtime":501},"epoch":50,"avg_epoch_loss":2.3372889767224723}