{"final_loss":4.583437203933209,"_wandb":{"runtime":157},"_runtime":157.750906429,"_step":10,"epoch":10,"avg_epoch_loss":4.583437203933209,"_timestamp":1.7417521713734784e+09}