{"_step":5,"final_loss":4.493791140310164,"_wandb":{"runtime":64},"epoch":5,"avg_epoch_loss":4.493791140310164,"_timestamp":1.741730047764488e+09,"_runtime":64.459444204}