{"_wandb":{"runtime":611},"avg_epoch_loss":2.387655678710003,"_timestamp":1.7417679219241126e+09,"_runtime":611.082443401,"_step":50,"epoch":50,"final_loss":2.387655678710003}