{"_step":10,"epoch":10,"avg_epoch_loss":1.4784033380865707,"final_loss":1.4784033380865707,"_wandb":{"runtime":419},"_timestamp":1.7417485506767929e+09,"_runtime":419.50539027}