{"_runtime":218.402349668,"_step":5,"epoch":5,"avg_epoch_loss":1.8448383755577764,"final_loss":1.8448383755577764,"_wandb":{"runtime":218},"_timestamp":1.741738601312814e+09}