{"_step":50,"final_loss":2.332384715913921,"_wandb":{"runtime":500},"epoch":50,"avg_epoch_loss":2.332384715913921,"_timestamp":1.7417514511468394e+09,"_runtime":500.474202427}