{"_wandb":{"runtime":106},"avg_epoch_loss":4.067996980886187,"_timestamp":1.7417372386001804e+09,"_runtime":106.033647051,"_step":10,"epoch":10,"final_loss":4.067996980886187}