{"_step":4,"_wandb":{"runtime":56},"epoch":5,"avg_epoch_loss":4.437624387490067,"_timestamp":1.7417350813233225e+09,"_runtime":56.373796516}