{"_timestamp":1.741731290799252e+09,"_runtime":101.910504171,"_step":5,"final_loss":4.64047969389828,"_wandb":{"runtime":101},"epoch":5,"avg_epoch_loss":4.64047969389828}