{"_wandb":{"runtime":77},"epoch":10,"avg_epoch_loss":4.931821434481724,"_timestamp":1.7417457223880372e+09,"_runtime":77.059606231,"_step":10,"final_loss":4.931821434481724}