{"avg_epoch_loss":4.620228971365287,"_timestamp":1.7417501705435793e+09,"_runtime":110.398184699,"_step":10,"final_loss":4.620228971365287,"_wandb":{"runtime":110},"epoch":10}