{"_timestamp":1.7417362236228418e+09,"_runtime":63.163224334,"_step":5,"epoch":5,"final_loss":4.852304457308725,"_wandb":{"runtime":63},"avg_epoch_loss":4.852304457308725}