{"_step":5,"final_loss":5.335942810648323,"_wandb":{"runtime":79},"epoch":5,"avg_epoch_loss":5.335942810648323,"_timestamp":1.7417490348657286e+09,"_runtime":79.480751612}