{"epoch":5,"avg_epoch_loss":1.5941749503913385,"_timestamp":1.741737729107824e+09,"_runtime":214.919961186,"final_loss":1.5941749503913385,"_wandb":{"runtime":214},"_step":5}