{"_runtime":270.320312359,"_step":25,"epoch":25,"avg_epoch_loss":4.750746442333081,"final_loss":4.750746442333081,"_wandb":{"runtime":270},"_timestamp":1.7417423831343849e+09}