{"_runtime":60.191708055,"_step":5,"epoch":5,"avg_epoch_loss":5.184289963887986,"_timestamp":1.7417298448961043e+09,"final_loss":5.184289963887986,"_wandb":{"runtime":60}}