{"_wandb":{"runtime":609},"epoch":50,"avg_epoch_loss":2.3954594208310818,"_timestamp":1.7417622058717363e+09,"_runtime":609.596966592,"_step":50,"final_loss":2.3954594208310818}