{"avg_epoch_loss":4.454413320905674,"_timestamp":1.741729590368231e+09,"final_loss":4.454413320905674,"_wandb":{"runtime":61},"_runtime":61.726039845,"_step":5,"epoch":5}