{"_step":50,"epoch":50,"avg_epoch_loss":2.324462011154439,"_timestamp":1.7417700530724158e+09,"final_loss":2.324462011154439,"_wandb":{"runtime":500},"_runtime":500.065347311}