{"avg_epoch_loss":5.049360821849079,"_timestamp":1.741743539239805e+09,"_runtime":269.9299188,"final_loss":5.049360821849079,"_wandb":{"runtime":269},"_step":25,"epoch":25}