{"_runtime":65.596606801,"_step":5,"final_loss":4.1385188918099605,"_wandb":{"runtime":65},"epoch":5,"avg_epoch_loss":4.1385188918099605,"_timestamp":1.7417483266434002e+09}