{"_step":5,"epoch":5,"avg_epoch_loss":5.2044045464771695,"_timestamp":1.7417303295474832e+09,"_runtime":65.29387105,"final_loss":5.2044045464771695,"_wandb":{"runtime":65}}