{"avg_epoch_loss":3.8861796543172105,"_timestamp":1.7417373537963061e+09,"_runtime":110.061972219,"_step":10,"final_loss":3.8861796543172105,"_wandb":{"runtime":110},"epoch":10}