{"_timestamp":1.741750674601027e+09,"_runtime":125.761063399,"_step":10,"epoch":10,"avg_epoch_loss":3.6583314394719197,"final_loss":3.6583314394719197,"_wandb":{"runtime":125}}