{"_runtime":500.566779997,"_step":50,"epoch":50,"final_loss":2.323464961974202,"_wandb":{"runtime":500},"avg_epoch_loss":2.323464961974202,"_timestamp":1.741766799753594e+09}