{"final_loss":4.301977589355021,"_wandb":{"runtime":64},"epoch":5,"avg_epoch_loss":4.301977589355021,"_timestamp":1.7417296599441593e+09,"_runtime":64.393014898,"_step":5}