{"_step":5,"final_loss":5.015873737560831,"_wandb":{"runtime":53},"epoch":5,"avg_epoch_loss":5.015873737560831,"_timestamp":1.7417357019169145e+09,"_runtime":53.367765202}