{"final_loss":1.943779421881039,"_wandb":{"runtime":1008},"epoch":25,"avg_epoch_loss":1.943779421881039,"_timestamp":1.741752250237577e+09,"_runtime":1008.37626827,"_step":25}