{"_timestamp":1.7417483936873522e+09,"_runtime":60.813069285,"_step":5,"final_loss":5.457345552782139,"_wandb":{"runtime":60},"epoch":5,"avg_epoch_loss":5.457345552782139}