{"_step":10,"epoch":10,"avg_epoch_loss":4.5583471381615,"_timestamp":1.7417510451305969e+09,"_runtime":120.503271969,"final_loss":4.5583471381615,"_wandb":{"runtime":120}}