{"_timestamp":1.7417306803837304e+09,"_runtime":94.045275199,"_step":5,"final_loss":4.383409854301184,"_wandb":{"runtime":94},"epoch":5,"avg_epoch_loss":4.383409854301184}