{"_timestamp":1.7417448086073415e+09,"_runtime":119.194385047,"_step":10,"final_loss":4.969736307700788,"_wandb":{"runtime":119},"epoch":10,"avg_epoch_loss":4.969736307700788}