{"_wandb":{"runtime":211},"_timestamp":1.7417375120504508e+09,"_runtime":211.751482046,"_step":5,"epoch":5,"avg_epoch_loss":1.6805846228599777,"final_loss":1.6805846228599777}