{"_wandb":{"runtime":98},"epoch":10,"avg_epoch_loss":4.989580802745329,"_timestamp":1.74173702250503e+09,"_runtime":98.937071253,"_step":10,"final_loss":4.989580802745329}