{"epoch":10,"avg_epoch_loss":5.26694130174707,"_timestamp":1.7417383990065067e+09,"_runtime":112.649583193,"_step":10,"final_loss":5.26694130174707,"_wandb":{"runtime":112}}