{"final_loss":5.126253325032625,"_wandb":{"runtime":51},"epoch":5,"avg_epoch_loss":5.126253325032625,"_timestamp":1.7417476403012493e+09,"_runtime":51.695539813,"_step":5}