{"_step":5,"epoch":5,"avg_epoch_loss":2.363196412612628,"_timestamp":1.7417396875702686e+09,"_runtime":209.807066665,"final_loss":2.363196412612628,"_wandb":{"runtime":209}}