{"_timestamp":1.7417407436760492e+09,"_runtime":396.346365575,"_step":10,"final_loss":2.3615088652047938,"_wandb":{"runtime":396},"epoch":10,"avg_epoch_loss":2.3615088652047938}